Length,fixed[F]1S,fixed[F]1,fixed[F]2S,fixed[F]2,fixed[F]4S,fixed[F]4,fixed[F]8S,fixed[F]8,fixed[F]16S,fixed[F]16,prezzaS,prezza
19,2.03173,13.3967,1.53173,15.573,1.28173,16.8274,1.15673,17.6124,1.09423,19.3121,1.1247,128.23
33,2.00006,83.1027,1.50003,82.1074,1.25002,80.9851,1.12501,81.1378,1.06251,85.5336,1.12744,803.234
