Length,fixed[F]8S,fixed[F]8,fixed[F]16S,fixed[F]16,byte[F]1S,byte[F]1,byte[F]8S,byte[F]8,byte[F]16S,byte[F]16,prezzaS,prezza
20,1.15673,21.7907,1.09423,19.5617,1.18798,18.0555,1.06298,22.1973,1.03173,22.9201,1.1247,125.875
26,1.1255,25.9232,1.063,27.4135,1.15723,35.9677,1.03175,33.5488,1.01612,34.4729,1.12719,286.211
32,1.12502,68.8644,1.06251,73.5375,1.15699,128.433,1.03138,114.681,1.01575,107.798,1.12744,705.053
